???,???,???????,??,??,??URL,??
,宇頭駅・北岡崎駅・米津駅・知立駅・三河安城駅・豊田市駅,宇頭駅・北岡崎駅・米津駅・知立駅・三河安城駅・豊田市駅,050-6882-8816,11:00～翌02:00,,
ぐらどるスパ,宇頭駅・北岡崎駅・米津駅・知立駅・三河安城駅・豊田市駅,豊田市駅,050-6882-8816,11:00～翌 02:00,https://www.esthe-ranking.jp/toyota/shop-detail/64f2e248-f173-447a-956f-dc9df033a328/,アクセス欄に住所あり
,黒笹駅,黒笹駅,080-2677-4583,12:00～翌03:00,https://www.esthe-ranking.jp/toyota/shop-detail/dd9ac0c5-af09-4942-aab0-13251752ab0b/,アクセス欄は駅名のみ
,三河八橋駅,三河八橋駅,090-6352-8187,12:00～LAST,,
,三河豊田駅,三河豊田駅,090-5756-3426,12:00～翌03:00,,
,三河豊田駅,三河豊田駅,090-6066-1203,12:00～LAST,,
,三河豊田駅,三河豊田駅,070-1673-0011,12:00～翌03:00,,
,三河豊田駅,三河豊田駅,070-2626-2417,11:00～翌02:00,,
,三河豊田駅・南安城駅,三河豊田駅・南安城駅,090-7888-1239,12:00～翌03:00,,
,三河豊田駅徒歩1分,三河豊田駅,080-2133-7888,12:00～翌02:00,,
,三河豊田駅徒歩4分,三河豊田駅,0565-28-3355,13:00～翌05:00,,
,三河豊田駅徒歩5分,三河豊田駅,080-2380-7308,09:00～翌04:00,,
,三河豊田駅徒歩7分,三河豊田駅,090-4356-7435,12:00～LAST,,
,三河豊田駅徒歩8分,三河豊田駅,070-9100-6868,12:00～LAST,,
,三河豊田駅徒歩9分,三河豊田駅,080-4964-9381,13:00～LAST,,
萌え（もえ）,三好ヶ丘駅,三好ヶ丘駅,080-8738-2466,12:00～翌 03:00,https://www.esthe-ranking.jp/toyota/shop-detail/be39d2a5-1db5-47aa-975a-5683283880ca/,アクセス欄は駅名のみ
,四郷駅,四郷駅,080-6766-4957,13:00～翌04:00,,
,若林駅,若林駅,090-2787-1487,11:00～LAST,,
,若林駅・黒笹駅・矢作橋駅・逢妻駅・安城駅,若林駅・黒笹駅・矢作橋駅・逢妻駅・安城駅,080-9441-8168,12:00～翌03:00,,
,上挙母駅・黑笹駅・安城駅,上挙母駅・黑笹駅・安城駅,080-9576-7244,12:00～翌03:00,,
,上挙母駅徒歩5分,上挙母駅,0565-42-4928,12:00～翌03:00,,
,上豊田駅,上豊田駅,090-9171-8886,11:00～翌04:00,,
,上豊田駅徒歩3分,上豊田駅,070-8514-7009,24時間営業,,
,浄水駅,浄水駅,080-6120-1668,14:00～翌03:00,,
,新上拳母駅,新上拳母駅,080-8493-5837,11:00～LAST,,
,新豊田駅,新豊田駅,080-1097-2667,11:00～翌03:00,,
,新豊田駅,新豊田駅,080-7938-8926,10:00～翌03:00,,
,新豊田駅,新豊田駅,070-8321-5858,11:00～LAST,,
,新豊田駅,新豊田駅,070-4769-9336,12:00～LAST,,
,新豊田駅,新豊田駅,070-1638-5566,24時間営業,,
,新豊田駅,新豊田駅,080-5859-1189,11:00～翌03:00,,
,新豊田駅・豊田市駅・大門駅・西尾駅・三河安城駅,新豊田駅・豊田市駅・大門駅・西尾駅・三河安城駅,050-6878-0512,11:00～翌02:00,,
,新豊田駅徒歩2分,新豊田駅,0565-35-0833,14:00～LAST,,
,竹村駅・北野桝塚駅・南安城駅,竹村駅・北野桝塚駅・南安城駅,070-4063-0177,12:00～翌03:00,,
,土橋駅徒歩7分,土橋駅,090-6616-8899,12:00～LAST,,
,豊田市駅,豊田市駅,090-6516-0790,10:00～LAST(最終受付:翌1:30),,
,豊田市駅,豊田市駅,070-1385-1297,12:00～翌03:00,,
,豊田市駅,豊田市駅,090-1813-1040,11:30～翌02:30,,
,豊田市駅,豊田市駅,080-8026-0227,12:00～LAST,,
美人楽園,豊田市駅,豊田市駅,050-6878-0783,12:00～LAST,https://www.esthe-ranking.jp/toyota/shop-detail/860f971a-00aa-4a24-8a78-687421be419d/,アクセス欄に住所あり
,豊田市駅徒歩5分,豊田市駅,0565-34-5050,13:00～LAST,,