店舗名,最寄駅,住所または座標,緯度,経度,掲載URL,備考,電話,営業
Venus（ヴィーナス）,新豊田駅,"35.08966609737432, 137.15271700004575",35.08966609737432,137.15271700004575,https://www.esthe-ranking.jp/toyota/shop-detail/f8f157a5-2920-4e14-b681-70d8db284681/,地図の駐車場に着いたらお電話ください。,090-8189-5820,24時間営業
anan,豊田市駅,"35.08845042912103, 137.15767150358067",35.08845042912103,137.15767150358067,https://www.esthe-ranking.jp/toyota/shop-detail/ee8aebb5-d550-4481-811b-d4d40653608a/,地図の位置に着きましたら、ご連絡ください。,080-3641-1717,24時間営業
Second House（セカンドハウス）,豊田駅,愛知県豊田市下市場町６丁目60−１,,,https://www.esthe-ranking.jp/toyota/shop-detail/0ff4209c-d3de-457a-bc7a-315b2c736358/,駐車場あります。,090-6097-3920,24時間営業
ラッキー,新豊田駅,愛知県豊田市三軒町8丁目22-1,,,https://www.esthe-ranking.jp/toyota/shop-detail/8677e8ef-9a27-4386-9b49-709e5e5b5be4/,駐車場あります。,070-2677-0976,24時間営業
美人楽園,豊田市駅,豊田市駅,,,https://www.esthe-ranking.jp/toyota/shop-detail/860f971a-00aa-4a24-8a78-687421be419d/,アクセス欄に住所あり,050-6878-0783,12:00～LAST
甘い恋人,北安城駅,愛知県安城市大東町17-20,,,https://www.esthe-ranking.jp/toyota/shop-detail/152e1b88-fb9e-4f4a-8dbe-728aa74e0db1/,ゲオ付近,080-9436-1242,12:00～翌 03:00
甘い恋人,大門駅,"34.97814793, 137.1409709",34.97814793,137.1409709,https://www.esthe-ranking.jp/toyota/shop-detail/152e1b88-fb9e-4f4a-8dbe-728aa74e0db1/,ドン・キホーテ付近,080-9436-1242,12:00～翌 03:00
甘い恋人,上挙母駅,"35.06757952, 137.1606207",35.06757952,137.1606207,https://www.esthe-ranking.jp/toyota/shop-detail/152e1b88-fb9e-4f4a-8dbe-728aa74e0db1/,ZENT付近,080-9436-1242,12:00～翌 03:00
甘い恋人,富士松駅,愛知県刈谷市今川町山ノ神158-1,,,https://www.esthe-ranking.jp/toyota/shop-detail/152e1b88-fb9e-4f4a-8dbe-728aa74e0db1/,ミニストップ付近,080-9436-1242,12:00～翌 03:00
萌え（もえ）,三好ヶ丘駅,三好ヶ丘駅,,,https://www.esthe-ranking.jp/toyota/shop-detail/be39d2a5-1db5-47aa-975a-5683283880ca/,アクセス欄は駅名のみ,080-8738-2466,12:00～翌 03:00
萌え（もえ）,猿投駅,愛知県豊田市井上町4丁目154,,,https://www.esthe-ranking.jp/toyota/shop-detail/be39d2a5-1db5-47aa-975a-5683283880ca/,メグリア井上店付近,080-8738-2466,12:00～翌 03:00
～豊田来来～おいでん,貝津駅,愛知県豊田市貝津町鉄炮迫27-1,,,https://www.esthe-ranking.jp/toyota/shop-detail/821e3ffa-97d6-4696-b4ad-563dc44e1c77/,アクセス欄に住所あり,090-4855-0079,13:00～LAST
豊田ラグタイム,末野原駅,"35.040088, 137.135828",35.040088,137.135828,https://www.esthe-ranking.jp/toyota/shop-detail/45493521-bf34-405b-8ca8-7c2ba5b42b7c/,ローソン豊田永覚新町店すぐ近く,080-9721-1460,10:30～翌 02:00(最終受付：翌1:30)
シルク,末野原駅,愛知県豊田市鴛鴨町長根50-1,,,https://www.esthe-ranking.jp/toyota/shop-detail/841ab4be-9d1e-429d-9522-06d48cdc0b9e/,豊田東IC近く 豊田・岡崎248号線の通り道,090-9565-8509,24時間営業
ピンクラブ,上挙母駅,"35.070273, 137.151581",35.070273,137.151581,https://www.esthe-ranking.jp/toyota/shop-detail/75ca238d-04bb-4a35-b976-a6a8d45c7f60/,【豊田司郵便局】の近くに着いたらお電話ください。,070-1634-1112,12:00～翌 03:00
もぎゅっとKiss,新豊田駅,"35.087172, 137.151443",35.087172,137.151443,https://www.esthe-ranking.jp/toyota/shop-detail/cc6bef52-d887-4333-b83c-3601a45d22b4/,駐車場 近くのコインパーキングをご利用ください,090-1097-4066,11:00～LAST
女神のエステ,新豊田駅,愛知県豊田市小坂本町１丁目７−２,,,https://www.esthe-ranking.jp/toyota/shop-detail/5000c952-6070-4fcc-9417-8f8bc38d0b45/,アクセス欄に住所あり,080-7064-9207,24時間営業
お兄ちゃん~High Five！,猿投駅,"35.120104, 137.18308",35.120104,137.18308,https://www.esthe-ranking.jp/toyota/shop-detail/f4dc6334-b91d-4386-ad5c-d37129352c2e/,アクセス欄に緯度経度と住所あり,080-3281-6699,12:00～翌 03:00
可愛いね！,土橋駅,愛知県豊田市東新町６丁目１２−５,,,https://www.esthe-ranking.jp/toyota/shop-detail/60263012-65e3-4b6c-8e6e-0135e3244b1c/,店の前に1台、店の後ろに1台、ネギいちラーメンさんの駐車場がつかえます,090-9009-6868,12:00～LAST
さわやか,猿投駅,"35.12912020008774, 137.18590297480787",35.12912020008774,137.18590297480787,https://www.esthe-ranking.jp/toyota/shop-detail/a8793d90-1161-4476-b2f3-741b438780bd/,駐車場 店舗前にあります（3台分）,090-4400-7558,12:00～LAST
HARUMOE（ハルモエ）,土橋駅,愛知県豊田市美山町5丁目4−4,,,https://www.esthe-ranking.jp/toyota/shop-detail/cf593c65-aa4d-4219-a72b-940037c2c3a5/,駐車場 ６台あります,080-6826-8683,24時間営業
浪花,土橋駅,"35.08375, 137.128639",35.08375,137.128639,https://www.esthe-ranking.jp/toyota/shop-detail/e6855d7a-881b-477c-a2b1-d8cdbdac57f2/,駐車場 店舗前にあります。（6台）,080-6309-7888,12:00～LAST
豊田プラチナム,土橋駅,"35.06615290232472, 137.12440832944765",35.06615290232472,137.12440832944765,https://www.esthe-ranking.jp/toyota/shop-detail/15bfafb7-900a-41cc-8da7-cfbb01e3e219/,コンコルド豊田インター店近く,070-5646-8705,11:00～翌 02:00
姫恋無双（ひめこいむそう）,梅坪駅,"35.100412, 137.16676",35.100412,137.16676,https://www.esthe-ranking.jp/toyota/shop-detail/921fb954-cffd-4e64-a412-923430179677/,駐車場あります。,070-4070-6240,12:00～翌 03:00
マリア,豊田市駅,"35.0886101954173, 137.158510790812",35.0886101954173,137.158510790812,https://www.esthe-ranking.jp/toyota/shop-detail/ae7eb7fa-f377-4378-b487-248efa532250/,駐車場あります。宮地歯科となりの駐車場 7番8番10番の駐車場をお使いください,070-8930-8575,24時間営業
優,中岡崎駅,愛知県岡崎市板屋町55番,,,https://www.esthe-ranking.jp/toyota/shop-detail/12eaf7d0-d0c7-46d8-8220-f4999a43c3a8/,所在地：愛知県岡崎市板屋町55番,090-6353-8284,13:00～LAST
リラクスパ,北岡崎駅,愛知県岡崎市伊賀町東郷中１２−１,,,https://www.esthe-ranking.jp/toyota/shop-detail/89358d28-4a26-4d3d-bebc-316be8338e42/,アクセス欄に住所あり,080-6284-0762,13:00～翌 03:00
プチエンジェル,三河安城駅,"34.97065056739914, 137.06488421877575",34.97065056739914,137.06488421877575,https://www.esthe-ranking.jp/toyota/shop-detail/b0bc8dfd-ddce-4c1e-b5b7-a82e930eb284/,三河安城駅の近くに着きましたらお電話ください。,090-7763-4401,11:00～LAST
キュア,相見駅,愛知県額田郡幸田町相見沖原３−２,,,https://www.esthe-ranking.jp/toyota/shop-detail/536547f3-f594-4adc-8148-aa34d374e1af/,アクセス欄に住所あり,070-2344-0406,12:00～翌 02:00
ピンクフラワー,三河安城駅,愛知県安城市三河安城東町1-30-15,,,https://www.esthe-ranking.jp/toyota/shop-detail/421d1b71-fc81-4097-8196-0420095d1c4c/,駐車場あります。,070-6534-6688,24時間営業
香～kaori～,碧南中央駅,"34.88660532079093, 136.9920589331522",34.88660532079093,136.9920589331522,https://www.esthe-ranking.jp/toyota/shop-detail/46cc2873-1d81-453a-a58c-1322ec69f6f2/,駐車場 店舗前に2台あります ※店舗裏にもあります,080-7805-7389,12:00～LAST
満足99,刈谷市駅,"34.98335124082769, 136.99515538638164",34.98335124082769,136.99515538638164,https://www.esthe-ranking.jp/toyota/shop-detail/56661d36-2745-43e3-b06d-28506f25cbfd/,アクセス欄は緯度経度のみ,080-2780-6937,24時間営業
癒しの女神,新豊田駅,愛知県豊田市衣ケ原3丁目11,,,https://www.esthe-ranking.jp/toyota/shop-detail/fe35bd9c-aada-4caa-84d8-1cc122e976ac/,入口は、建物裏側となります,080-5859-1189,11:00～翌 03:00
ぬるぬるパニック,米津駅,愛知県西尾市米津町久手１４−１,,,https://www.esthe-ranking.jp/toyota/shop-detail/1a92448b-8785-4b61-b6f6-1ef88404a00b/,アクセス欄に住所あり,090-2738-5257,24時間営業
やわらぎの手,西尾駅,愛知県西尾市永楽町４丁目４７,,,https://www.esthe-ranking.jp/toyota/shop-detail/b1020236-d72e-420b-957d-9f00cfda2f42/,駐車場: あり,090-7065-6084,24時間営業
ハッピータイム,東刈谷駅,愛知県刈谷市東刈谷町1丁目17-13,,,https://www.esthe-ranking.jp/toyota/shop-detail/b9b1a29d-63be-4c79-a5f2-e2e139064d04/,共用駐車場あります,070-2826-3783,12:00～翌 04:00
かわいい美人,南安城駅,"34.94921744933818, 137.09391765033953",34.94921744933818,137.09391765033953,https://www.esthe-ranking.jp/toyota/shop-detail/b74d94e1-530b-44ce-9060-8eb0e596eeff/,駐車場 店舗前に3台ございます,070-7646-0206,24時間営業
ベストスパ,西尾駅,"34.887691, 137.128466",34.887691,137.128466,https://www.esthe-ranking.jp/toyota/shop-detail/28abaef8-e3df-4ec5-ac98-30bb11c99f68/,駐車場あります,080-8037-0022,12:00～LAST
ラッキースマイル,一ツ木駅,愛知県刈谷市一ツ木町4丁目,,,https://www.esthe-ranking.jp/toyota/shop-detail/8cc612d5-facf-4b12-84e9-1433c8e27066/,駐車場 あります,070-8358-2911,24時間営業
バレンタイン,新安城駅,愛知県安城市里町荒畑１５４−２,,,https://www.esthe-ranking.jp/toyota/shop-detail/aa5442a3-5970-40eb-becb-5ff139fd8a6c/,アクセス欄に住所あり,090-5874-6182,24時間営業
リフレッシュ,三河豊田駅,愛知県豊田市山之手７丁目５６,,,https://www.esthe-ranking.jp/toyota/shop-detail/81a97c0e-e885-4ed4-ae97-8ffb003ac346/,アクセス欄に住所あり,090-6066-1203,12:00～LAST
Your女僕（ユアメイド）,桜井駅,"34.918541061360074, 137.09060020250905",34.918541061360074,137.09060020250905,https://www.esthe-ranking.jp/toyota/shop-detail/c4a6074b-e2f9-4e0a-8997-ee06b70f44f9/,スギドラッグ 桜井店に着きましたらお電話して下さい,090-9226-2835,24時間営業
Alice（アリス）,岡崎駅,岡崎市アジアンエステ,,,https://www.esthe-ranking.jp/toyota/shop-detail/4045413a-28d0-4c38-ac54-3463e9e84da1/,メンズエステランキングでのみ使える特別クーポン！,090-9335-7744,24時間営業
ときめき,一ツ木駅,愛知県刈谷市恩田町3丁目160-6,,,https://www.esthe-ranking.jp/toyota/shop-detail/a1a2154c-ade1-415d-ab44-a05780c163a8/,店舗裏にも入口あります,080-9113-9777,11:00～翌 03:00
アールグレイ＋,三河安城駅,愛知県安城市三河安城町1丁目4-5,,,https://www.esthe-ranking.jp/toyota/shop-detail/a37d6ff2-b51e-4191-a27e-517b3e07beea/,共用駐車場有・満車場合は近くのコインパーキングをご利用ください。,070-4797-4321,24時間営業
一目惚れ,西尾駅,"34.863221, 137.058213",34.863221,137.058213,https://www.esthe-ranking.jp/toyota/shop-detail/24762b0a-f2d0-4a58-a630-fac51a437ad6/,西尾駅東広場駐車場につきましたら、お電話ください,090-1787-5188,
Rose Garden（ローズガーデン）,牛田駅,愛知県知立市昭和1-12-7,,,https://www.esthe-ranking.jp/toyota/shop-detail/83397e88-e24b-4dcb-a70f-58328cdb4585/,駐車場の所，裏の方2台，第二駐車場10台（道路側）,090-9905-3720,12:00～LAST
君の彼女,竹村駅・北野桝塚駅・南安城駅,"35.03076098292247, 137.1116104831186",35.03076098292247,137.1116104831186,https://www.esthe-ranking.jp/toyota/shop-detail/f190ebd9-d620-4343-bba9-29a2669ba3ff/,ファミリーマート着きましたら電話してください,070-4063-0177,12:00～翌 03:00
ソレイユ,西尾駅,愛知県西尾市下町御城下45-1,,,https://www.esthe-ranking.jp/toyota/shop-detail/471affb2-cc68-4b68-8fc4-4865abe2fc4b/,店前駐車場あります。（1番、2番、3番）,080-9118-8698,12:00～翌 03:00
秘密エステ,知立駅,"35.006188217121505, 137.03709406448436",35.006188217121505,137.03709406448436,https://www.esthe-ranking.jp/toyota/shop-detail/4439aa3c-bf9d-4a6b-8a45-d89ee58fd09f/,駐車場：あり,080-2951-9032,24時間営業
お姫様LABO,安城駅,"34.959833, 137.082052",34.959833,137.082052,https://www.esthe-ranking.jp/toyota/shop-detail/c5e0941e-51bc-4d53-9d13-1688d275438a/,アクセス欄に緯度経度と住所あり,080-8568-0620,24時間営業
いちごみるく,桜井駅,"34.912476, 137.092678",34.912476,137.092678,https://www.esthe-ranking.jp/toyota/shop-detail/2140230d-8524-4d14-bead-ae0a2de55ed0/,アクセス欄は緯度経度のみ,070-9188-8813,11:00～翌 01:00
楼蘭香（ロウランシャン）,三河豊田駅,"35.0574, 137.150038",35.0574,137.150038,https://www.esthe-ranking.jp/toyota/shop-detail/f6f3c217-7009-4a3e-ba9e-21e37838cd71/,アクセス欄に緯度経度と住所あり,0565-28-3355,13:00～翌 05:00
たんぽぽ,豊田市駅,"35.08843738714646, 137.15279461114307",35.08843738714646,137.15279461114307,https://www.esthe-ranking.jp/toyota/shop-detail/39bcd7d0-3770-4dc7-850b-d161d87fb01e/,駐車場 お近くのコインパーキングをご利用ください。,090-1813-1040,11:30～翌 02:30
勝手にしやがれ,三河豊田駅,"35.053594, 137.150793",35.053594,137.150793,https://www.esthe-ranking.jp/toyota/shop-detail/4d00d0c9-4b1a-4dd4-acd1-1d603fcf6495/,当ビル共用駐車場8台有り 満車の場合は高架下のコインパーキング Timesに止めて下さい。（駐車券提示にて補助）,080-2133-7888,12:00～翌 02:00
夜恋,桜井駅,"34.919615116538544, 137.09218180219793",34.919615116538544,137.09218180219793,https://www.esthe-ranking.jp/toyota/shop-detail/4376da3c-5e9e-46b1-ac6d-daa4fec9467b/,駐車場あります。手前に１台、JA駐車場20番,080-8039-1953,24時間営業
あいたい,東刈谷駅,"34.971506, 137.049647",34.971506,137.049647,https://www.esthe-ranking.jp/toyota/shop-detail/73d50117-685c-41e1-bc48-80aadbbb8dbf/,アクセス欄は緯度経度のみ,080-5621-6994,12:00～翌 04:00
姫の王子,岡崎駅・三河安城駅,愛知県岡崎市羽根町東荒子８２,,,https://www.esthe-ranking.jp/toyota/shop-detail/f9505191-1c13-4dc5-b332-409c5d2af289/,地図の位置に着きましたら、ご連絡ください。,080-6240-6699,12:00～翌 02:00
Luck（ラック）,矢作橋駅,"34.97581436497053, 137.1361583720989",34.97581436497053,137.1361583720989,https://www.esthe-ranking.jp/toyota/shop-detail/fc96d25f-c045-40d4-b376-adf6ab8a018d/,駐車場 店舗前に複数あります。,080-1884-4475,12:30～翌 02:00
潤んだ瞳,上豊田駅,"35.11882645151179, 137.15195199999772",35.11882645151179,137.15195199999772,https://www.esthe-ranking.jp/toyota/shop-detail/20eb6dee-ce06-4d69-b90a-915139c7f58e/,【ZENT 大清水店】近くに着いたらお電話ください。,070-8514-7009,24時間営業
天使の心,大門駅,愛知県岡崎市薮田1丁目2-11,,,https://www.esthe-ranking.jp/toyota/shop-detail/a03249d0-1816-4e2e-8128-b85e48ddf978/,専用駐車場６台あり,080-5658-5154,12:00～翌 05:00
ルルの小屋,刈谷駅,"34.991049771985416, 137.00465535697631",34.991049771985416,137.00465535697631,https://www.esthe-ranking.jp/toyota/shop-detail/264e0cab-25f3-4aac-9867-f82a4a1f0b47/,【アピタ刈谷店】に着きましたらお電話して下さい,080-1819-4790,24時間営業
アイリス,北岡崎駅,"34.9907602548789, 137.16412615666258",34.9907602548789,137.16412615666258,https://www.esthe-ranking.jp/toyota/shop-detail/4640119c-6806-47f2-a023-54e34354a4d2/,駐車場 お店の前に共用駐車場があります。店舗横の月極駐車場1番と2番をご利用いただけます。,080-5804-3911,24時間営業
秘密の夜（ひみつのよる）,新安城駅,愛知県安城市今本町3丁目6-8,,,https://www.esthe-ranking.jp/toyota/shop-detail/21ec6060-98ae-4042-87ac-5e14a854fd36/,駐車場：店舗前に2台あります。,080-1588-4183,24時間営業
はなもも,西尾駅,"34.859245, 137.054211",34.859245,137.054211,https://www.esthe-ranking.jp/toyota/shop-detail/fd051619-7405-4499-a634-0297bfc00326/,駐車場 駐車場あります。,080-8479-2661,12:00～翌 02:30
セクシードール,刈谷駅,愛知県刈谷市神明町6-37,,,https://www.esthe-ranking.jp/toyota/shop-detail/029cb208-e540-4d1a-a81f-791a2a52343a/,アクセス欄に住所あり,080-2883-8404,24時間営業
Angel Spa,西尾駅,"34.86029551133573, 137.0535576805294",34.86029551133573,137.0535576805294,https://www.esthe-ranking.jp/toyota/shop-detail/90f2b824-f50d-4c50-88bf-fcbcb511e5a7/,西尾駅より車４分、駐車場あり,080-7815-7560,10:00～翌 03:00
雫（しずく）,六名駅,愛知県岡崎市天白町東池10-6,,,https://www.esthe-ranking.jp/toyota/shop-detail/f0ad681a-c9a5-4d43-bd8e-77e4c8994535/,駐車場 共有駐車場が複数あります,070-5307-4931,11:00～翌 03:00
濃密Candy,岡崎駅・安城駅・三河安城駅・豊田駅・新豊田駅・知立駅・大門駅・宇頭駅,豊田駅 愛知県,,,https://www.esthe-ranking.jp/toyota/shop-detail/66d8d6ab-08c9-4620-be37-814935c40b1b/,アクセス欄に住所あり,050-6882-8816,11:00～翌 02:00
ラベンダー,岡崎駅,"34.93134790051062, 137.152431",34.93134790051062,137.152431,https://www.esthe-ranking.jp/toyota/shop-detail/1e6e3446-dc0c-4546-9447-372c8034d848/,共有駐車場15台分あります,080-9679-2690,13:00～LAST
恋花,三河安城駅北口,"34.97020654401822, 137.0619214215187",34.97020654401822,137.0619214215187,https://www.esthe-ranking.jp/toyota/shop-detail/659f13fe-f92a-40da-8cf2-a3fcec7bb8f4/,三河安城駅 に着きましたら、ご連絡ください。,080-2680-3272,24時間営業
Cure（キュア）,相見駅,"34.890341, 137.128599",34.890341,137.128599,https://www.esthe-ranking.jp/toyota/shop-detail/3fb433b5-d633-4991-8635-5212df5ce6d7/,駐車場あります。,080-8479-4192,12:00～翌 03:00
花屋敷,一ツ木駅,愛知県刈谷市東新町6丁目3-1,,,https://www.esthe-ranking.jp/toyota/shop-detail/57688f00-4e2d-4931-ab91-031b94a598a3/,"店の前に３台あります（1番,2番,3番）",080-1998-2310,24時間営業
蔷薇の園,三河安城駅,愛知県安城市三河安城本町１丁目３４−５,,,https://www.esthe-ranking.jp/toyota/shop-detail/2fa43de2-68ba-41c4-a6fb-383db79999a9/,ローソン 三河安城本町店に着きましたらお電話ください。,080-2945-2261,11:00～LAST
E感じ,岡崎駅,"34.92588459270224, 137.1568600767372",34.92588459270224,137.1568600767372,https://www.esthe-ranking.jp/toyota/shop-detail/91db4fe5-f1cc-4cda-886f-1e0da2cf8b71/,岡崎駅【西出口】付近でお電話して下さい,090-5078-6598,12:00～翌 03:00
Lien（リアン）,安城駅,愛知県安城市百石町1丁目12番地17,,,https://www.esthe-ranking.jp/toyota/shop-detail/1837c1de-d8e0-4c9b-99b5-7f45e757349d/,所在地：愛知県安城市百石町1丁目12番地17,080-8490-1032,24時間営業
Only one（オンリーワン）,西尾駅,"34.8605694250032, 137.06215588329275",34.8605694250032,137.06215588329275,https://www.esthe-ranking.jp/toyota/shop-detail/ae9ff84f-3fb9-4a4b-a13d-afd462341216/,（ＤＣＭ西尾店の近くに着いたら、ご連絡ください）,080-3678-6999,11:00～翌 01:00
yura香,逢妻駅,"34.999197, 136.9915",34.999197,136.9915,https://www.esthe-ranking.jp/toyota/shop-detail/77e3f3e8-082f-484d-b925-83b7db63c305/,駐車場：あります(裏駐車場もあり 12番をご利用ください。裏口もございます),080-8852-6386,12:00～翌 02:00
蝶の楽園,大門駅,愛知県岡崎市大樹寺3丁目2-19,,,https://www.esthe-ranking.jp/toyota/shop-detail/28317dc7-2b17-4c2b-993a-90053c3e931a/,駐車場：3台あります。,070-1681-8899,10:00～翌 01:00
激安美少女,刈谷駅,愛知県刈谷市高倉町５丁目１０２,,,https://www.esthe-ranking.jp/toyota/shop-detail/5b23fc20-9e8e-4554-aa04-d296dfa3a95f/,アクセス欄に住所あり,080-7392-8575,12:00～翌 05:00
さくらの愛,三河安城駅,安城市アジアンエステ,,,https://www.esthe-ranking.jp/toyota/shop-detail/657a58d3-f8a1-4e94-96af-4ded6982a03e/,メンズエステランキングでのみ使える特別クーポン！,050-6864-4204,11:00～翌 01:00
こねこ,北岡崎駅・東岡崎駅,"34.976629, 137.160854",34.976629,137.160854,https://www.esthe-ranking.jp/toyota/shop-detail/48f0370c-c377-4858-acbb-f210f190a3f2/,駐車場 店舗前に共同駐車場がございます。お店裏にゲームセンターがございます。そちらに停めても大丈夫です,080-4549-3816,24時間営業
恋のstart（コイのスタート）,末野原駅,愛知県豊田市永覚新町3丁目63-12,,,https://www.esthe-ranking.jp/toyota/shop-detail/dde19264-4d45-416f-b64d-495aed53cb41/,駐車場2台あります。1・2の場所に停めてください,070-7526-2082,12:00～LAST
姫の王子（ひめのおうじ）,土橋駅,愛知県豊田市寿町8丁目15-5,,,https://www.esthe-ranking.jp/toyota/shop-detail/40d80526-6ec1-43d0-a321-6208a651cbf1/,駐車場あります,090-6616-8899,12:00～LAST
いちご娘,一ツ木駅,愛知県刈谷市一里山町砂山154,,,https://www.esthe-ranking.jp/toyota/shop-detail/4bac9886-b66b-4c91-9a43-7d1f9c4a587e/,県道５４号線沿い、ファミリーマート刈谷一里山店隣,090-6397-9988,24時間営業
萌姫,東岡崎駅,愛知県岡崎市大西町南ケ原29-3,,,https://www.esthe-ranking.jp/toyota/shop-detail/959169f2-016d-4c42-9fb8-c9e7520a3370/,アクセス欄に住所あり,080-7806-9198,12:00～LAST
優華（ユウカ）,知立駅,愛知県知立市本町中通1−１,,,https://www.esthe-ranking.jp/toyota/shop-detail/d85ca12d-2805-4a3d-b582-9e487ccccfa6/,駐車場：あり,080-1819-4790,24時間営業
激安美少女,安城駅南口,愛知県安城市御幸本町１０−８,,,https://www.esthe-ranking.jp/toyota/shop-detail/77e716ae-e950-4c76-b5b9-8e2ad52c60e6/,アクセス欄に住所あり,090-4951-1275,11:00～LAST
癒しのアロマ,一ツ木駅,"35.0056911006775, 137.02006327133586",35.0056911006775,137.02006327133586,https://www.esthe-ranking.jp/toyota/shop-detail/45ac7ca2-6367-4fcd-9456-6888c35381a8/,暁第二ビル２F※共用駐車場があります,070-1665-6549,11:00～翌 03:00
マロージュ,東刈谷駅,"34.978780747814, 137.0460188855983",34.978780747814,137.0460188855983,https://www.esthe-ranking.jp/toyota/shop-detail/2806dcb4-e314-462a-836f-aa726900d9d4/,【駐車場：あり】,070-9037-2299,24時間営業
恋の期待,知立駅,"35.010550901571804, 137.04309430528633",35.010550901571804,137.04309430528633,https://www.esthe-ranking.jp/toyota/shop-detail/fa187a90-4821-402c-8f61-bbeed734a91b/,アクセス欄に緯度経度と住所あり,080-6539-0851,24時間営業
秘密の誘惑,東刈谷駅,愛知県刈谷市東刈谷町３丁目１２−３,,,https://www.esthe-ranking.jp/toyota/shop-detail/1b0f797c-4c05-439c-89a5-0d3123392274/,ファミリーマートに着きましたらお電話ください,070-1654-8207,11:00～翌 03:00
Eden（エデン）,新安城駅,愛知県安城市住吉町５丁目１３−４０,,,https://www.esthe-ranking.jp/toyota/shop-detail/35665a8f-79fc-402e-918b-6ed62e6cb7ff/,「本の王国 安城店」に着きましたら、お電話ください。,070-1660-8886,24時間営業
Aroma Baby（アロマベイビー）,岡崎駅,"34.924099372777995, 137.14261578792204",34.924099372777995,137.14261578792204,https://www.esthe-ranking.jp/toyota/shop-detail/fc723124-84d6-411c-945a-44e3a618836a/,アクセス欄に緯度経度と住所あり,070-4449-2458,12:00～翌 03:00
秘密のガーデン,三河安城駅,愛知県安城市三河安城町２丁目 20番地1,,,https://www.esthe-ranking.jp/toyota/shop-detail/e8b91ee1-3935-497c-8a00-32e4e18a7320/,所在地：愛知県安城市三河安城町２丁目 20番地1,080-2960-0891,11:00～LAST
絶叫治療院,三河豊田駅,"35.05534952328724, 137.14420495601317",35.05534952328724,137.14420495601317,https://www.esthe-ranking.jp/toyota/shop-detail/2e9f0e92-db2c-4320-80ce-2968750b956c/,駐車場あります。,070-1673-0011,12:00～翌 03:00
はつね（初音）,豊田市駅,愛知県豊田市日之出町２丁目４−２１,,,https://www.esthe-ranking.jp/toyota/shop-detail/315fa9d8-b1ac-4e90-9c9a-8bb0ed9fb708/,地図の位置に着きましたら、ご連絡ください。,080-8026-0227,12:00～LAST
極楽Heaven,大門駅,"34.99142123597284, 137.1565094312972",34.99142123597284,137.1565094312972,https://www.esthe-ranking.jp/toyota/shop-detail/ceb406ef-7f6e-4648-be16-0d47a1af23e4/,駐車場あります。,070-4070-6459,12:00～翌 03:00
イタズラ パラダイス,若林駅,若林駅 愛知県,,,https://www.esthe-ranking.jp/toyota/shop-detail/8419f8d0-32a8-4380-a3b9-3178b6540f76/,アクセス欄に住所あり,090-2787-1487,11:00～LAST
幸せの夜,知立駅,"35.01811807213674, 137.03720689166138",35.01811807213674,137.03720689166138,https://www.esthe-ranking.jp/toyota/shop-detail/41984346-fe39-4de8-af01-bd6205521618/,国道1号線近くお車でのお越しが便利です。,090-2811-6116,12:00～翌 03:00
月のうさぎ,東岡崎駅,愛知県岡崎市菅生町蟹沢12-1,,,https://www.esthe-ranking.jp/toyota/shop-detail/d53cfd1c-1e80-4135-81c9-2aa7cdb1bebc/,お店の前の17番とお店の横の駐車場11番をご利用ください。,080-3358-1816,24時間営業
癒し妖精,大門駅,"34.990413619320194, 137.1692249096832",34.990413619320194,137.1692249096832,https://www.esthe-ranking.jp/toyota/shop-detail/acde74f3-0e3e-4da0-a208-81f3fe0a349e/,駐車場：あります。,080-6338-6888,24時間営業
Sweet girl（スイートガール）,牛田駅北口,愛知県安城市今本町西大塚33−2,,,https://www.esthe-ranking.jp/toyota/shop-detail/d6d2156a-0d00-4958-97a2-f2d77e74201e/,駐車場あります。,090-9629-3520,11:00～翌 03:00
なごみ,岡崎駅,愛知県岡崎市柱4丁目2-10,,,https://www.esthe-ranking.jp/toyota/shop-detail/edfbc13e-80d5-4f4a-a895-024764c2cfee/,駐車場 店舗前にあります,070-2004-9054,12:00～LAST
まどろみ,三河豊田駅,"35.049009, 137.147199",35.049009,137.147199,https://www.esthe-ranking.jp/toyota/shop-detail/17229b32-b632-4f9b-aff1-87c7a21def25/,近くにつきましたら、お電話ください,090-5756-3426,12:00～翌 03:00
ペア,牛田駅,"35.00004431002302, 137.05381865889436",35.00004431002302,137.05381865889436,https://www.esthe-ranking.jp/toyota/shop-detail/b6d34c95-0698-45d5-b74b-540e2e5a2981/,アクセス欄は緯度経度のみ,090-6384-8206,12:00～翌 02:00
来い遊ぼ（コイアソボ）,新豊田駅,愛知県豊田市広久手町5-30-19,,,https://www.esthe-ranking.jp/toyota/shop-detail/03b6e394-e2c1-4463-a20b-7f630aa893cf/,駐車場あります。,070-4769-9336,12:00～LAST
癒しの恋,北岡崎駅,"34.970575, 137.15032",34.970575,137.15032,https://www.esthe-ranking.jp/toyota/shop-detail/18016a1a-5b7d-4f25-bba3-4d0e4beece38/,(付近に着きましたらお電話ください),080-9500-3651,12:00～LAST
チョメチョメハウス,刈谷駅,愛知県刈谷市神明町７丁目４０３,,,https://www.esthe-ranking.jp/toyota/shop-detail/bc1c6d74-a3f1-481b-be3f-dd16b3d178ee/,（ファミリーマート 刈谷神明町店のお近くに着いたら、ご連絡ください）,080-8222-1260,24時間営業
Alice,碧海古井駅,"34.940047, 137.089839",34.940047,137.089839,https://www.esthe-ranking.jp/toyota/shop-detail/713c1f6c-bb9e-46ed-8c75-84eba6992ba2/,アクセス欄は緯度経度のみ,080-5689-8889,12:00～LAST
ミシェランGirls,岡崎駅,"34.930158, 137.156433",34.930158,137.156433,https://www.esthe-ranking.jp/toyota/shop-detail/8c6ae813-dddc-477e-9f43-ee759f6f12a9/,駐車場：お店の裏に3台あります。,090-3958-8358,12:00～翌 03:00
ハッピー娘～Happy Girls～,三河豊田駅,愛知県豊田市山之手６丁目５６−１,,,https://www.esthe-ranking.jp/toyota/shop-detail/43be9525-86ab-49ed-898e-a810fb56cae1/,アクセス欄に住所あり,090-4356-7435,12:00～LAST
あまねこ館,三河安城駅北口,"34.970565, 137.061643",34.970565,137.061643,https://www.esthe-ranking.jp/toyota/shop-detail/23cbcd47-fb33-4c6b-9790-0192eac17ffb/,三河安城駅【北口】付近でお電話して下さい,090-7957-7336,24時間営業
回転美人,大門駅,愛知県岡崎市大樹寺3丁目7-15,,,https://www.esthe-ranking.jp/toyota/shop-detail/e54ea302-8b7d-47ca-af30-22fb3725e4db/,駐車場：共用駐車場20台あります（満車の場合、お店にお電話ください。ご案内致します。）,090-7961-6124,10:00～翌 03:00
桃の花,男川駅,愛知県岡崎市欠町字松塚30-3,,,https://www.esthe-ranking.jp/toyota/shop-detail/5f4c413d-4e36-4216-8c88-7cd820a8fa2a/,韓国料理横に共同駐車場8台有り,090-6072-8966,12:00～LAST
恋タイム,刈谷駅,"35.005709, 137.003647",35.005709,137.003647,https://www.esthe-ranking.jp/toyota/shop-detail/15169d1d-7d3f-4afb-924b-0cde781e7137/,駐車場あり,070-2612-6558,12:00～LAST
Luxe Spa（ラックススパ）,一ツ木駅,"35.008649, 137.030428",35.008649,137.030428,https://www.esthe-ranking.jp/toyota/shop-detail/f55f1334-90a9-45d7-86c7-5ff4792abafb/,【ファミリーマート 刈谷一ツ木町店】に着きましたらお電話して下さい,090-6998-3285,12:00～翌 03:00
Honey Baby,新安城駅,愛知県安城市今池町３丁目５−２,,,https://www.esthe-ranking.jp/toyota/shop-detail/a275b266-b7dc-49de-9d25-b1eb3acb7042/,無料駐車場を完備しております,090-3967-8686,24時間営業
サンフラワー,南安城駅,愛知県安城市安城町,,,https://www.esthe-ranking.jp/toyota/shop-detail/877192cd-1b15-41c7-88b9-cd9596c72e01/,アクセス欄に住所あり,090-8820-1666,12:30～LAST
ひといき,大門駅,愛知県岡崎市井ノ口新町12-2,,,https://www.esthe-ranking.jp/toyota/shop-detail/761ddbd8-9c88-4cd2-990e-c873161d8dfe/,アクセス欄に住所あり,080-2589-7552,12:00～翌 02:00
クルミ,新安城駅,愛知県安城市今本町7丁目1-1,,,https://www.esthe-ranking.jp/toyota/shop-detail/02238860-7044-496c-8bb3-0b6255a2e722/,共用駐車場18台あります,080-9511-6668,12:00～LAST
KissME（キスミー）,碧南中央駅,"34.885225, 136.99362",34.885225,136.99362,https://www.esthe-ranking.jp/toyota/shop-detail/039175a2-4fc2-4bf4-a921-38860e10e303/,碧南市役所に着きましたらお電話してください,080-5295-3659,11:00～翌 01:00
夢愛,豊明駅,愛知県刈谷市東境町児山413-3,,,https://www.esthe-ranking.jp/toyota/shop-detail/ba0f3586-d148-4217-8ec9-04dd5bd8e983/,アクセス欄に住所あり,070-5256-9466,11:00～LAST
台湾ハニー,刈谷駅,"34.995627, 137.005234",34.995627,137.005234,https://www.esthe-ranking.jp/toyota/shop-detail/aec35f28-1830-4127-bf7c-a7e7a03b4528/,アクセス欄は緯度経度のみ,090-5129-3646,24時間営業
蜜の香り,四郷駅,愛知県豊田市亀首町下町屋54-1,,,https://www.esthe-ranking.jp/toyota/shop-detail/6f90c3dd-44be-494d-acf0-1dec9d64282a/,四郷駅から車で7分 最寄駅:亀首バス停 徒歩3分,080-6766-4957,13:00～翌 04:00
優姫,逢妻駅,愛知県刈谷市熊野町3丁目2,,,https://www.esthe-ranking.jp/toyota/shop-detail/a89a0ac2-119e-4fb1-895c-d5259ed1a6bf/,【熊野公園（刈谷市熊野町３丁目２）】に着きましたら、お電話ください,090-1789-5688,11:00～翌 03:00
Hot Land（ホットランド）,一ツ木駅,愛知県刈谷市一ツ木町３丁目１０−４,,,https://www.esthe-ranking.jp/toyota/shop-detail/3e3dbc1e-51fe-4045-ab58-ea70e9c25561/,【ジョーシン一ツ木店】に着きましたらお電話ください。,090-9182-9998,24時間営業
彼女の部屋,安城駅,愛知県安城市桜町４−１２ ４番１２号,,,https://www.esthe-ranking.jp/toyota/shop-detail/f5b09f8b-719b-45fe-8d80-cd1159908ff6/,所在地：愛知県安城市桜町４−１２ ４番１２号,050-6864-0902,11:00～LAST
もみココチ,新豊田駅,"35.082008, 137.155099",35.082008,137.155099,https://www.esthe-ranking.jp/toyota/shop-detail/086ee093-a620-4897-b4f0-3b82955e5407/,アクセス欄は緯度経度のみ,070-8321-5858,11:00～LAST
幸運のPresent,東岡崎駅,"34.959884, 137.163665",34.959884,137.163665,https://www.esthe-ranking.jp/toyota/shop-detail/34f1184d-5e83-4b0b-a1b4-2b921a75c37c/,駐車場 あります,090-8246-8804,24時間営業
さくらんぼ,富士松駅,"35.035976, 137.038445",35.035976,137.038445,https://www.esthe-ranking.jp/toyota/shop-detail/25e5e878-b973-4eb3-b31c-35ccf9b5fcb5/,アクセス欄に緯度経度と住所あり,090-1293-1168,12:00～LAST
甘い蜜林檎,知立駅,"35.00443388695071, 137.04259575419562",35.00443388695071,137.04259575419562,https://www.esthe-ranking.jp/toyota/shop-detail/f20d204b-2464-4864-b51c-363dd820125b/,駐車場あります,080-2860-6938,11:00～翌 02:00
ラッキーエンジェル,西岡崎駅,"34.949745935436496, 137.13089398425691",34.949745935436496,137.13089398425691,https://www.esthe-ranking.jp/toyota/shop-detail/b7a0e9f2-780d-456e-a6e0-3f578c5e22c5/,（ミニストップ岡崎矢作南店に着きましたらお電話ください）,080-2458-6374,11:00～翌 02:00
Pure Resort（ピュア リゾート）,一ツ木駅,愛知県刈谷市恩田町3丁目160-1,,,https://www.esthe-ranking.jp/toyota/shop-detail/ce2ba9de-44cd-4680-81e2-a6ab22d4c66b/,アクセス欄に住所あり,090-3222-6688,24時間営業
癒しの空間,三河安城駅,愛知県安城市三河安城町 2-3-1,,,https://www.esthe-ranking.jp/toyota/shop-detail/08d91aed-4049-4790-b72e-c48c4d8bcbba/,アクセス欄に住所あり,050-6862-8863,11:00～翌 01:00
ほほえみ,新豊田駅・豊田市駅・大門駅・西尾駅・三河安城駅,"35.08304436433626, 137.15141502331386",35.08304436433626,137.15141502331386,https://www.esthe-ranking.jp/toyota/shop-detail/cc995fe9-a11d-4ef4-80c5-27a42608f492/,Mix Bar Nineの近くに着いたらお電話ください。,050-6878-0512,11:00～翌 02:00
TiAmo〜ハニー〜,新豊田駅,"35.082928451273055, 137.14065233590551",35.082928451273055,137.14065233590551,https://www.esthe-ranking.jp/toyota/shop-detail/d27f38e5-5e65-411a-8763-b4425dcfd875/,駐車場 店舗の前のスペースにお停めください 建物隣りに広い共有駐車場もあり便利です,070-1638-5566,24時間営業
うたかた桜,知立駅,愛知県知立市新地町西新地28-4,,,https://www.esthe-ranking.jp/toyota/shop-detail/5ee167fd-382b-47de-8fab-bab1a567126f/,駐車場 2台あります,080-6040-0790,11:00～翌 04:00
にゃんにゃん,三河豊田駅,"35.05673266370621, 137.14451367147694",35.05673266370621,137.14451367147694,https://www.esthe-ranking.jp/toyota/shop-detail/b45a5597-8039-450d-9efa-8419734ca33d/,駐車場：1番と2番に停めることができます。裏口から入ることもできます,070-9100-6868,12:00～LAST
愛Angel（アイ・エンジェル）,西尾駅,"34.86193782823768, 137.06458059113433",34.86193782823768,137.06458059113433,https://www.esthe-ranking.jp/toyota/shop-detail/7b59b83e-a24a-454c-8da4-4ef49ae18ccb/,西尾郵便局から徒歩１分,090-6950-5636,11:00～LAST
浪漫の時間,若林駅・黒笹駅・矢作橋駅・逢妻駅・安城駅,"35.027788136971594, 137.09918316798218",35.027788136971594,137.09918316798218,https://www.esthe-ranking.jp/toyota/shop-detail/36151484-fd68-4f6f-941f-360ff124a937/,ドミスーパー着きましたら電話してください。,080-9441-8168,12:00～翌 03:00
果樹園,刈谷駅,"35.00597447992109, 137.00881389202925",35.00597447992109,137.00881389202925,https://www.esthe-ranking.jp/toyota/shop-detail/0450bc91-a7eb-4b04-ac3a-106a8b39fd34/,アクセス欄に緯度経度と住所あり,090-4266-9732,11:00～翌 03:00
ツバメ,安城駅,愛知県安城市横山町毛賀知42-1,,,https://www.esthe-ranking.jp/toyota/shop-detail/6021abe8-77b3-46f9-9006-7f9457c008a0/,アクセス欄に住所あり,080-2678-0195,12:00～翌 03:00
妖艶ガール,上挙母駅・黑笹駅・安城駅,"34.96394550029333, 137.0768007520387",34.96394550029333,137.0768007520387,https://www.esthe-ranking.jp/toyota/shop-detail/f7661fb1-ceda-43fb-8e10-d2872e7f6947/,ウエルシア豊田下市場町店着きましたら電話してください。,080-9576-7244,12:00～翌 03:00
美人の誘惑,岡崎駅,愛知県岡崎市上和田町サジ１０,,,https://www.esthe-ranking.jp/toyota/shop-detail/a67b0e6b-0ca6-4c34-a526-683e7e672282/,アクセス欄に住所あり,050-6882-8159,24時間営業
ラブリー,米野木駅,愛知県みよし市東陣取山201番地,,,https://www.esthe-ranking.jp/toyota/shop-detail/77ef5677-315d-4e18-bdce-f7b60a4fa0c0/,所在地：愛知県みよし市東陣取山201番地,070-5341-9409,12:00～LAST
Royal.Room（ロイヤルルーム）,知立駅,"35.00458141260825, 137.04264154659296",35.00458141260825,137.04264154659296,https://www.esthe-ranking.jp/toyota/shop-detail/5d9951bc-b2aa-4b93-802a-9d1c17e161e5/,駐車場あります。,090-1274-1914,12:00～翌 01:00
君にメロメロ,黒笹駅,愛知県みよし市黒笹いずみ１丁目１０−８,,,https://www.esthe-ranking.jp/toyota/shop-detail/75e50620-2b8b-4933-813b-bb4e0c08db03/,アクセス欄に住所あり,080-8129-2791,11:00～LAST
アロマ美人,刈谷市駅,"34.983594, 136.994521",34.983594,136.994521,https://www.esthe-ranking.jp/toyota/shop-detail/b3c31915-5705-4fb7-8a32-913702140b4d/,駐車場あります。,070-7668-3388,10:00～LAST
花月～かげつ,六名駅,愛知県岡崎市天白町河原30-1,,,https://www.esthe-ranking.jp/toyota/shop-detail/ee66152e-0400-4606-bb87-476a234943ff/,2階※駐車場奥に2階に上がる階段があります,090-7498-2773,10:00～翌 03:00
月光少女,岡崎駅,愛知県岡崎市井内町上河原３,,,https://www.esthe-ranking.jp/toyota/shop-detail/f8b7c855-91f8-439a-9566-325b8d2cd48c/,アクセス欄に住所あり,080-7665-5082,24時間営業
Over,大門駅,"34.987402, 137.164339",34.987402,137.164339,https://www.esthe-ranking.jp/toyota/shop-detail/82993163-94b6-4372-bfba-a23cf2e7ebf3/,アクセス欄は緯度経度のみ,090-3370-7814,12:00～LAST
Love Luxe（ラブラグゼ）,一ツ木駅,"35.01842133996206, 137.0184654138652",35.01842133996206,137.0184654138652,https://www.esthe-ranking.jp/toyota/shop-detail/863a1ea7-4c64-4e1d-93f9-e451372e36f2/,ファミリーマート 刈谷一ツ木七丁目店に着きましたらお電話ください。,080-6131-6308,24時間営業
萌え萌えキュン,六名駅,"34.92988465244137, 137.14244013493024",34.92988465244137,137.14244013493024,https://www.esthe-ranking.jp/toyota/shop-detail/711a827b-0c26-4be8-9169-a63e77191167/,共有駐車場があります。,080-9725-0264,13:00～LAST
Remember Me（リメンバーミー）,逢妻駅,愛知県刈谷市原崎町７丁目９０３,,,https://www.esthe-ranking.jp/toyota/shop-detail/3b8daffb-54cf-4949-a908-3b8c281ae977/,アクセス欄に住所あり,090-6099-5918,24時間営業
癒し魔女,安城駅,"34.96084, 137.081838",34.96084,137.081838,https://www.esthe-ranking.jp/toyota/shop-detail/38d3db02-039a-4c9b-ba4a-b431babe9cc2/,アクセス欄は緯度経度のみ,080-9004-9622,24時間営業
愛楽園,安城駅,愛知県安城市横山町大山田中１−１,,,https://www.esthe-ranking.jp/toyota/shop-detail/81240787-fca8-49f6-816f-f8830aa8d13f/,ドラッグストア マツモトキヨシ 安城横山店着きましたら電話してください。,080-2236-6595,12:00～翌 03:00
歓楽谷,野田新町駅,愛知県刈谷市野田新町２丁目７０１,,,https://www.esthe-ranking.jp/toyota/shop-detail/0a65bf91-b624-4bb9-b7bd-19d14ce65936/,アクセス欄に住所あり,050-6882-9556,11:00～LAST
愛の予感,桜井駅,"34.90964787765045, 137.08780715953682",34.90964787765045,137.08780715953682,https://www.esthe-ranking.jp/toyota/shop-detail/d850460c-ac52-4c74-af6d-d5173b1dc397/,コインランドリー【ボーテ 安城小川店】の駐車場に着きましたらお電話してください,090-6755-5858,24時間営業
猫パチン,米津駅,愛知県西尾市米津町宮浦１５−１,,,https://www.esthe-ranking.jp/toyota/shop-detail/417ac262-29a1-4ad1-9e9e-7286925b802e/,アクセス欄に住所あり,080-2951-9032,10:00～翌 04:00
For you,知立駅,愛知県知立市池端２丁目１７,,,https://www.esthe-ranking.jp/toyota/shop-detail/9ead8296-0504-483c-a705-a580fd4a32a8/,アクセス欄に住所あり,080-9533-0299,24時間営業
水の恋,上挙母駅,"35.06908947778052, 137.16051186857024",35.06908947778052,137.16051186857024,https://www.esthe-ranking.jp/toyota/shop-detail/3945d1b2-63e2-4e28-9094-80fa8c376bb7/,マクドナルド ２４８豊田下林店着きましたら電話してください。,070-2446-3088,12:00～翌 03:00
キュンと,西尾駅,"34.86145100000004, 137.0656306588956",34.86145100000004,137.0656306588956,https://www.esthe-ranking.jp/toyota/shop-detail/b86b71e7-f06f-480b-9fda-91f61c32d303/,【クリエイトS・D 愛知西尾丁田店】の近くにつきましたら、お電話ください,080-4968-6222,24時間営業
青い薔薇,豊田市駅,愛知県豊田市高上2丁目11-14,,,https://www.esthe-ranking.jp/toyota/shop-detail/9f3689df-3a46-4157-9749-5fea23cb8e9b/,駐車場 あります。,070-3357-4683,12:00～LAST
皐月（さつき）,西岡崎駅,愛知県岡崎市昭和町天神37,,,https://www.esthe-ranking.jp/toyota/shop-detail/e00aab9b-af7f-4a46-867a-fee21898c72f/,入口、前後どちらのドアでも可、予約優先,080-6983-0854,24時間営業
楽楽（らくらく）,安城駅,愛知県安城市御幸本町１０−８ １０番８ 8,,,https://www.esthe-ranking.jp/toyota/shop-detail/90d35431-0858-411e-be4f-e33bd7682c3a/,所在地：愛知県安城市御幸本町１０−８ １０番８ 8,090-7450-5833,11:00～LAST
Mahal（マハル）,三河安城駅,"34.970988, 137.061778",34.970988,137.061778,https://www.esthe-ranking.jp/toyota/shop-detail/a46dfa68-a1b0-4873-a935-2c0859fe7fe1/,駐車場：MMパーキングをご利用ください。１時間１００円。,080-1819-4790,24時間営業
桜桃（さくらんぼ）,三河豊田駅,"35.059052902226675, 137.14776098792822",35.059052902226675,137.14776098792822,https://www.esthe-ranking.jp/toyota/shop-detail/418be34e-985b-49fa-975b-ba3a82f5d666/,CENTURY21 駐車場の43番に停めてください。ファミリーマートには駐車しないでください。,080-2380-7308,09:00～翌 04:00
月の恋,豊田市駅,愛知県豊田市美里5丁目1番地11,,,https://www.esthe-ranking.jp/toyota/shop-detail/20cd6a66-70a3-4a57-8500-e3d05b285da7/,所在地：愛知県豊田市美里5丁目1番地11,070-1385-1297,12:00～翌 03:00
甘熟いちご,三河豊田駅,"35.04953226917382, 137.15357209629087",35.04953226917382,137.15357209629087,https://www.esthe-ranking.jp/toyota/shop-detail/6df909ea-11f2-462e-a60b-085275893083/,駐車場 あります,070-2626-2417,11:00～翌 02:00
蓬莱,西尾駅,"34.85995691284133, 137.0680078273121",34.85995691284133,137.0680078273121,https://www.esthe-ranking.jp/toyota/shop-detail/fc1afab9-47c3-4af7-bb44-026c097045d5/,地図上の↑付近に到着しましたら、090-5274-2584へお電話ください。,090-5274-2584,
ぐらどるスパ,宇頭駅・北岡崎駅・米津駅・知立駅・三河安城駅・豊田市駅,豊田市駅,,,https://www.esthe-ranking.jp/toyota/shop-detail/64f2e248-f173-447a-956f-dc9df033a328/,アクセス欄に住所あり,050-6882-8816,11:00～翌 02:00
King,三河安城駅,愛知県安城市三河安城町２丁目３−１,,,https://www.esthe-ranking.jp/toyota/shop-detail/77ce4c08-b0ce-454d-8bdc-41f191d70d89/,駐車場：あり,050-6871-9573,11:00～翌 01:00
魅力工房（みりょくこうぼう）,新豊田駅,"35.082252, 137.151139",35.082252,137.151139,https://www.esthe-ranking.jp/toyota/shop-detail/d896fae2-be81-461c-be52-5d0a120c57e4/,駐車場：マンションの裏にあります。,080-7938-8926,10:00～翌 03:00
千林タイム,上挙母駅,愛知県豊田市下林町1丁目110-2,,,https://www.esthe-ranking.jp/toyota/shop-detail/52f9b403-50ef-493c-9dbf-f43196dc7c77/,駐車場 4台あります,0565-42-4928,12:00～翌 03:00
癒心,北岡崎駅,"34.96664480196788, 137.15668390667935",34.96664480196788,137.15668390667935,https://www.esthe-ranking.jp/toyota/shop-detail/aad43e73-e9a9-4e95-a8a6-02683cc66c39/,北岡崎駅 / 248号線沿い,080-1551-7049,24時間営業
森（もり）,三河高浜駅,"34.932394, 137.006497",34.932394,137.006497,https://www.esthe-ranking.jp/toyota/shop-detail/1db90563-9f78-4ed2-bdeb-12b39fec18c6/,アクセス欄は緯度経度のみ,090-1786-5118,13:00～翌 03:00
櫻花（さくら）,桜町前駅,愛知県西尾市上町北荒子31-2,,,https://www.esthe-ranking.jp/toyota/shop-detail/d8ae57bc-c066-4d6f-b50f-9bd8c8a00ac6/,駐車場：店舗前にあります,080-9737-8800,12:00～翌 02:00
華子（はなこ）,豊田市駅,愛知県豊田市竹生町４丁目１３,,,https://www.esthe-ranking.jp/toyota/shop-detail/85673c60-7f7a-49df-b0f8-378ea6ec74cd/,駐車場：近くのコインパーキングをご利用ください。,0565-34-5050,13:00～LAST
あおい妖姫,桜井駅,愛知県安城市桜井町森田80-1,,,https://www.esthe-ranking.jp/toyota/shop-detail/d547343d-7255-4a01-a11e-93c08d3351e8/,駐車場あります。手前に１台、JA駐車場12番20番,080-8130-1637,12:00～翌 03:00
月の光,西岡崎駅,"34.94443, 137.119829",34.94443,137.119829,https://www.esthe-ranking.jp/toyota/shop-detail/6957d4f6-a7e5-45d5-a037-09e283fb67f4/,共用駐車場あります（店舗裏と横OK）※ラーメン屋の横から裏側の駐車場に入れます,080-9495-9489,12:00～翌 03:00
クリスタリア,安城駅,"34.95829, 137.086742",34.95829,137.086742,https://www.esthe-ranking.jp/toyota/shop-detail/a28e6d41-ae53-46ac-b496-9298ae481f2c/,近くの【つばさや安城駅前店】に着きましたら、お電話ください,080-4969-7166,11:00～翌 02:00
君に恋してる,新豊田駅,"35.071973, 137.150415",35.071973,137.150415,https://www.esthe-ranking.jp/toyota/shop-detail/9991320b-f65c-4fa2-8a69-1827f3f95b61/,アクセス欄は緯度経度のみ,080-1097-2667,11:00～翌 03:00
美樂（みらく）,三好ヶ丘駅,"35.12112, 137.107001",35.12112,137.107001,https://www.esthe-ranking.jp/toyota/shop-detail/eec43811-63c0-41d7-8f2c-960d3cc05126/,駐車場 あります（店舗前・店舗裏）,090-6183-9898,12:00～LAST
蝶～バタフライ～,東刈谷駅,愛知県安城市緑町2-9-6,,,https://www.esthe-ranking.jp/toyota/shop-detail/ff076e86-6c92-4c03-8ba8-aaf9dbee89ff/,アクセス欄に住所あり,0566-93-1105,13:00～LAST
誘艶（ゆうえん）,三河安城駅,愛知県安城市三河安城町2,,,https://www.esthe-ranking.jp/toyota/shop-detail/8e80e2a6-b75f-4b8f-a354-289f20ec41e6/,三河安城駅北口に着きましたら、お電話ください。,080-6265-9871,11:00～LAST
DIVA（ディーバ）,東刈谷駅,愛知県刈谷市末広町1丁目23−8,,,https://www.esthe-ranking.jp/toyota/shop-detail/60e3401d-9325-4636-a1e1-7464565db33e/,駐車場店舗前に2台あります。,080-2480-8520,14:00～LAST
千喜,知立駅,愛知県知立市広見3-59,,,https://www.esthe-ranking.jp/toyota/shop-detail/23234c2c-e0f8-4bcf-95a6-755ecb84ee30/,アクセス欄に住所あり,0566-83-2439,14:00～LAST
猫チュウ,西尾駅,愛知県西尾市永吉町4-3-3,,,https://www.esthe-ranking.jp/toyota/shop-detail/220c6ac9-e5d6-4af4-a316-2b1db2d02264/,アクセス欄に住所あり,080-7072-9197,11:00～LAST
森の花～もりのはな,一ツ木駅,"35.01040480314248, 137.027641",35.01040480314248,137.027641,https://www.esthe-ranking.jp/toyota/shop-detail/77652bcf-e148-4cbe-81f3-ee6bc83adba0/,近くの【浜場公園】につきましたら、お電話ください,,24時間営業
悠馨（ゆうしん）,三河豊田駅,愛知県豊田市山之手6丁目53-2,,,https://www.esthe-ranking.jp/toyota/shop-detail/271bd263-eab4-4a58-9400-adab6f2ef8e8/,駐車場 店舗前にあります。,080-4964-9381,13:00～LAST
心（こころ）,豊田市駅,"35.086326787310924, 137.16122731777753",35.086326787310924,137.16122731777753,https://www.esthe-ranking.jp/toyota/shop-detail/e1817699-f065-4127-a6ad-1c6ec0a9d875/,アクセス欄は緯度経度のみ,090-6366-6661,24時間営業
紫陽花（アジサイ）,上豊田駅,愛知県豊田市大清水町大清水49-2,,,https://www.esthe-ranking.jp/toyota/shop-detail/17b61979-b87e-4a21-b31c-150898a0aa42/,アクセス欄に住所あり,090-9171-8886,11:00～翌 04:00
ルビー,西尾駅,西尾市アジアンエステ,,,https://www.esthe-ranking.jp/toyota/shop-detail/ba170622-eea9-44a8-bcc1-aa144126997e/,六本木・麻布十番,0563-65-0533,14:00～翌 03:00
レモン,安城駅,安城市アジアンエステ,,,https://www.esthe-ranking.jp/toyota/shop-detail/34925796-405d-4bb7-9769-741a294be742/,六本木・麻布十番,0566-95-4088,14:00～LAST
蝶恋花（ちょうれんか）,浄水駅,愛知・豊田市逢妻町 リラクゼーションエステ - 蝶恋花（ちょうれんか） - 全国メンズエステランキング,,,https://www.esthe-ranking.jp/toyota/shop-detail/3c4ffa90-941b-4e28-8100-f63edfb1854c/,六本木・麻布十番,080-6120-1668,14:00～翌 03:00
リンス,新豊田駅,豊田市アジアンエステ,,,https://www.esthe-ranking.jp/toyota/shop-detail/26004fd2-8aac-4e64-85cc-cd0ea7a62e1d/,六本木・麻布十番,0565-35-0833,14:00～LAST
SKY,新上拳母駅,愛知・豊田市司町 リラクゼーションエステ - SKY - 全国メンズエステランキング,,,https://www.esthe-ranking.jp/toyota/shop-detail/8cda8c74-f80f-426d-8cd8-db763d2116a5/,六本木・麻布十番,080-8493-5837,11:00～LAST
HAPPY GIRL（ハッピーガール）,三河八橋駅,愛知・豊田市駒場町向金 リラクゼーション - HAPPY GIRL（ハッピーガール） - 全国メンズエステランキング,,,https://www.esthe-ranking.jp/toyota/shop-detail/2092580f-65f0-49d9-9a7f-cfb97c04bd6c/,六本木・麻布十番,090-6352-8187,12:00～LAST
癒の森,豊田市駅,豊田市美里にある本格中国リラクゼーションのお店,,,https://www.esthe-ranking.jp/toyota/shop-detail/65fec6e2-162a-4535-ad66-2c56b953856f/,六本木・麻布十番,090-6516-0790,10:00～LAST(最終受付：翌1:30)